
{
	"envoriment": {
		"species" : 2,
		"concentrations" : 3,
		"q" : 0.5,
		"γ0" : [480000.0, 480000.0],
		"γ" : [440000.0, 520000.0],
		"K" : [[0.00006845928, 0.00049, 0.0],
				[0.00006845928, 0.0, 0.00000102115]], 
		"μmax" : [2.0,2.0],
		"A" : [[-0.1, -0.1],
				[-0.1, -0.1]]
	},
	"methods" : {
		"q!" : {
			"episodes" : 10000
		},
		"n_step_sarsa!" : {
			"episodes" : 10000
		}
	},
	"train" : {
		"Q_size" : 15,
		"u0" : [10.0, 10.0, 0.0, 0.0, 0.0],
		"p" : [1.0, 0.0, 0.0],
		"Cin" : [0.1,0.1],
		"bounds" : [[2,2],[10,10]],
		"rewards" : [1,0]
	}
}
