{
	"envoriment": {
		"species" : 2,
		"concentrations" : 2,
		"q" : 0.5,
		"γ0" : [480000.0, 480000.0],
		"γ" : [0.0, 520000.0],
		"K" : [[0.00006845928, 0.0],
				[0.00006845928, 0.00000102115]], 
		"μmax" : [1.5, 3.0]
	}
}
